{
  "is_success": true,
  "serve_startup_s": 54.022800287697464,
  "model_type": "vllm-direct",
  "model_id": "google/gemma-3-12b-it",
  "num_prompts": 1000,
  "max_concurrency": 4,
  "input_len": 512,
  "output_len": 256,
  "duration": 450.921850010287,
  "completed": 1000,
  "total_input_tokens": 511000,
  "total_output_tokens": 256000,
  "request_throughput": 2.217679183160423,
  "output_throughput": 567.7258708890682,
  "total_token_throughput": 1700.9599334840443,
  "mean_ttft_ms": 26.26121129700914,
  "median_ttft_ms": 25.57026850990951,
  "std_ttft_ms": 3.4413892850072854,
  "p99_ttft_ms": 33.00243883859366,
  "mean_tpot_ms": 6.966964856460325,
  "median_tpot_ms": 6.966369123398965,
  "std_tpot_ms": 0.03538684844240479,
  "p99_tpot_ms": 7.070307140859464,
  "mean_itl_ms": 6.939701531835453,
  "median_itl_ms": 6.96332729421556,
  "std_itl_ms": 0.5281969123602721,
  "p99_itl_ms": 7.632223200052977
}