{
  "is_success": true,
  "serve_startup_s": 72.48154217377305,
  "model_type": "ray-serve",
  "model_id": "google/gemma-3-12b-it",
  "num_prompts": 3200,
  "max_concurrency": 64,
  "input_len": 512,
  "output_len": 256,
  "duration": 134.46386804338545,
  "completed": 3200,
  "total_input_tokens": 1635200,
  "total_output_tokens": 819200,
  "request_throughput": 23.7982146919015,
  "output_throughput": 6092.342961126784,
  "total_token_throughput": 18253.23066868845,
  "mean_ttft_ms": 177.88287626579404,
  "median_ttft_ms": 154.1387401521206,
  "std_ttft_ms": 95.74638496469423,
  "p99_ttft_ms": 476.2617295049131,
  "mean_tpot_ms": 9.764094392597839,
  "median_tpot_ms": 9.843434393405914,
  "std_tpot_ms": 0.5267380151023868,
  "p99_tpot_ms": 10.586260541616117,
  "mean_itl_ms": 9.820688703521574,
  "median_itl_ms": 0.003259629011154175,
  "std_itl_ms": 21.789337860365354,
  "p99_itl_ms": 63.69266235269619
}