{
  "is_success": true,
  "serve_startup_s": 71.45267991442233,
  "model_type": "ray-serve",
  "model_id": "google/gemma-3-12b-it",
  "num_prompts": 3200,
  "max_concurrency": 64,
  "input_len": 512,
  "output_len": 256,
  "duration": 139.03522503376007,
  "completed": 3200,
  "total_input_tokens": 1635200,
  "total_output_tokens": 819200,
  "request_throughput": 23.015750139743268,
  "output_throughput": 5892.032035774277,
  "total_token_throughput": 17653.080357183087,
  "mean_ttft_ms": 95.55748983926605,
  "median_ttft_ms": 71.9828880392015,
  "std_ttft_ms": 70.17673829648874,
  "p99_ttft_ms": 443.20545127615327,
  "mean_tpot_ms": 10.412660852429575,
  "median_tpot_ms": 10.600324343962997,
  "std_tpot_ms": 0.6032706636684527,
  "p99_tpot_ms": 11.380999612092387,
  "mean_itl_ms": 10.394857605841837,
  "median_itl_ms": 0.0034263357520103455,
  "std_itl_ms": 21.477463861546386,
  "p99_itl_ms": 56.18628426454967
}