{
  "is_success": true,
  "serve_startup_s": 75.47680175118148,
  "model_type": "ray-serve",
  "model_id": "google/gemma-3-12b-it",
  "num_prompts": 1000,
  "max_concurrency": 4,
  "input_len": 512,
  "output_len": 256,
  "duration": 376.6197943170555,
  "completed": 1000,
  "total_input_tokens": 511000,
  "total_output_tokens": 256000,
  "request_throughput": 2.6551976690799077,
  "output_throughput": 679.7306032844564,
  "total_token_throughput": 2036.5366121842892,
  "mean_ttft_ms": 88.93517710454762,
  "median_ttft_ms": 71.26263645477593,
  "std_ttft_ms": 30.89068778131158,
  "p99_ttft_ms": 125.9928667312488,
  "mean_tpot_ms": 5.546455530583055,
  "median_tpot_ms": 5.55865507956375,
  "std_tpot_ms": 0.10815493128111413,
  "p99_tpot_ms": 5.750369632178369,
  "mean_itl_ms": 5.525612798686932,
  "median_itl_ms": 0.0032531097531318665,
  "std_itl_ms": 15.651139113795137,
  "p99_itl_ms": 51.21610416099429
}