{
  "is_success": true,
  "serve_startup_s": 50.02156155882403,
  "model_type": "vllm-direct",
  "model_id": "google/gemma-3-12b-it",
  "num_prompts": 1000,
  "max_concurrency": 64,
  "input_len": 512,
  "output_len": 256,
  "duration": 37.76406430918723,
  "completed": 1000,
  "total_input_tokens": 511000,
  "total_output_tokens": 256000,
  "request_throughput": 26.48020064293557,
  "output_throughput": 6778.931364591506,
  "total_token_throughput": 20310.31389313158,
  "mean_ttft_ms": 56.7668566647917,
  "median_ttft_ms": 35.56816536001861,
  "std_ttft_ms": 59.603773225682666,
  "p99_ttft_ms": 292.658905768767,
  "mean_tpot_ms": 9.05472629476229,
  "median_tpot_ms": 9.074298682275648,
  "std_tpot_ms": 0.30586181371328713,
  "p99_tpot_ms": 10.324846932080154,
  "mean_itl_ms": 9.019335356657393,
  "median_itl_ms": 8.536814013496041,
  "std_itl_ms": 2.810501853940154,
  "p99_itl_ms": 19.048753813840452
}