{
  "is_success": true,
  "serve_startup_s": 71.45799113810062,
  "model_type": "ray-serve",
  "model_id": "google/gemma-3-12b-it",
  "num_prompts": 1000,
  "max_concurrency": 64,
  "input_len": 512,
  "output_len": 256,
  "duration": 44.386637608055025,
  "completed": 1000,
  "total_input_tokens": 511000,
  "total_output_tokens": 256000,
  "request_throughput": 22.529302823751756,
  "output_throughput": 5767.50152288045,
  "total_token_throughput": 17279.975265817597,
  "mean_ttft_ms": 136.66482023755088,
  "median_ttft_ms": 81.2310860492289,
  "std_ttft_ms": 107.59580706704823,
  "p99_ttft_ms": 514.1597114270553,
  "mean_tpot_ms": 10.313385637290777,
  "median_tpot_ms": 10.51366328280054,
  "std_tpot_ms": 0.722936031250375,
  "p99_tpot_ms": 11.40924025337924,
  "mean_itl_ms": 10.326120670125556,
  "median_itl_ms": 0.0036172568798065186,
  "std_itl_ms": 21.894434892809475,
  "p99_itl_ms": 57.5020039640367
}