{
  "is_success": true,
  "serve_startup_s": 65.02713994123042,
  "model_type": "vllm-direct",
  "model_id": "google/gemma-3-12b-it",
  "num_prompts": 1000,
  "max_concurrency": 64,
  "input_len": 512,
  "output_len": 256,
  "duration": 36.54182989615947,
  "completed": 1000,
  "total_input_tokens": 511000,
  "total_output_tokens": 256000,
  "request_throughput": 27.365898282644558,
  "output_throughput": 7005.669960357007,
  "total_token_throughput": 20989.643982788377,
  "mean_ttft_ms": 199.86649273196235,
  "median_ttft_ms": 202.73190643638372,
  "std_ttft_ms": 67.20079402543327,
  "p99_ttft_ms": 394.4140413356945,
  "mean_tpot_ms": 8.200018016356683,
  "median_tpot_ms": 8.270614228996578,
  "std_tpot_ms": 0.34601823201937293,
  "p99_tpot_ms": 8.771608260131496,
  "mean_itl_ms": 8.16796450361835,
  "median_itl_ms": 7.742528337985277,
  "std_itl_ms": 5.237596862598348,
  "p99_itl_ms": 12.266101269051465
}