{
  "is_success": true,
  "serve_startup_s": 64.02586296992376,
  "model_type": "vllm-direct",
  "model_id": "google/gemma-3-12b-it",
  "num_prompts": 1000,
  "max_concurrency": 512,
  "input_len": 512,
  "output_len": 256,
  "duration": 16.096107231918722,
  "completed": 1000,
  "total_input_tokens": 511000,
  "total_output_tokens": 256000,
  "request_throughput": 62.12682269020868,
  "output_throughput": 15904.466608693421,
  "total_token_throughput": 47651.27300339005,
  "mean_ttft_ms": 1090.9498329921626,
  "median_ttft_ms": 568.261303473264,
  "std_ttft_ms": 782.9981238185457,
  "p99_ttft_ms": 2906.3724781991914,
  "mean_tpot_ms": 27.067796504791534,
  "median_tpot_ms": 28.521773859164586,
  "std_tpot_ms": 2.3017400321078427,
  "p99_tpot_ms": 29.227680316414027,
  "mean_itl_ms": 26.964993688291347,
  "median_itl_ms": 22.655385546386242,
  "std_itl_ms": 15.615188258109033,
  "p99_itl_ms": 80.50373688805848
}