{
  "is_success": true,
  "serve_startup_s": 64.02393565000966,
  "model_type": "vllm-direct",
  "model_id": "google/gemma-3-12b-it",
  "num_prompts": 1000,
  "max_concurrency": 512,
  "input_len": 512,
  "output_len": 256,
  "duration": 15.650189797859639,
  "completed": 1000,
  "total_input_tokens": 511000,
  "total_output_tokens": 256000,
  "request_throughput": 63.89698865740035,
  "output_throughput": 16357.62909629449,
  "total_token_throughput": 49008.99030022607,
  "mean_ttft_ms": 1102.365117547568,
  "median_ttft_ms": 582.1595580782741,
  "std_ttft_ms": 793.298650823944,
  "p99_ttft_ms": 2909.694409109652,
  "mean_tpot_ms": 26.142143769750334,
  "median_tpot_ms": 27.589233123752123,
  "std_tpot_ms": 2.3041355408011683,
  "p99_tpot_ms": 28.268345142605114,
  "mean_itl_ms": 26.043873420997414,
  "median_itl_ms": 21.61916298791766,
  "std_itl_ms": 15.688967724960719,
  "p99_itl_ms": 79.51981320977211
}