{
  "is_success": true,
  "serve_startup_s": 51.02522287517786,
  "model_type": "vllm-direct",
  "model_id": "google/gemma-3-12b-it",
  "num_prompts": 1000,
  "max_concurrency": 512,
  "input_len": 512,
  "output_len": 256,
  "duration": 13.659843158908188,
  "completed": 1000,
  "total_input_tokens": 511000,
  "total_output_tokens": 256000,
  "request_throughput": 73.20728271670204,
  "output_throughput": 18741.064375475722,
  "total_token_throughput": 56149.98584371046,
  "mean_ttft_ms": 1375.8459881558083,
  "median_ttft_ms": 850.7671181578189,
  "std_ttft_ms": 1021.2592229928509,
  "p99_ttft_ms": 3111.277350196615,
  "mean_tpot_ms": 20.537701451071698,
  "median_tpot_ms": 20.97972075308801,
  "std_tpot_ms": 2.2542676621714866,
  "p99_tpot_ms": 24.031461411429678,
  "mean_itl_ms": 20.48178151987365,
  "median_itl_ms": 17.67505006864667,
  "std_itl_ms": 20.973675810203833,
  "p99_itl_ms": 172.60815596672256
}