{
  "is_success": true,
  "serve_startup_s": 72.4563064025715,
  "model_type": "ray-serve",
  "model_id": "google/gemma-3-12b-it",
  "num_prompts": 3200,
  "max_concurrency": 64,
  "input_len": 512,
  "output_len": 256,
  "duration": 126.95710739213973,
  "completed": 3200,
  "total_input_tokens": 1635200,
  "total_output_tokens": 819200,
  "request_throughput": 25.205363179203317,
  "output_throughput": 6452.572973876049,
  "total_token_throughput": 19332.513558448944,
  "mean_ttft_ms": 199.42848378705094,
  "median_ttft_ms": 177.1132592111826,
  "std_ttft_ms": 94.26092745964512,
  "p99_ttft_ms": 483.88057084753905,
  "mean_tpot_ms": 9.126860841375995,
  "median_tpot_ms": 9.181179153714695,
  "std_tpot_ms": 0.37299432198675025,
  "p99_tpot_ms": 9.801836403707663,
  "mean_itl_ms": 9.164655603235548,
  "median_itl_ms": 0.0031888484954833984,
  "std_itl_ms": 20.51189949057538,
  "p99_itl_ms": 55.52433725446461
}