{
  "is_success": true,
  "serve_startup_s": 51.025449672713876,
  "model_type": "vllm-direct",
  "model_id": "google/gemma-3-12b-it",
  "num_prompts": 1000,
  "max_concurrency": 64,
  "input_len": 512,
  "output_len": 256,
  "duration": 36.09097295673564,
  "completed": 1000,
  "total_input_tokens": 511000,
  "total_output_tokens": 256000,
  "request_throughput": 27.70775953307655,
  "output_throughput": 7093.186440467597,
  "total_token_throughput": 21251.851561869717,
  "mean_ttft_ms": 112.25184140494093,
  "median_ttft_ms": 39.9040759075433,
  "std_ttft_ms": 294.56776121201614,
  "p99_ttft_ms": 1496.86494698748,
  "mean_tpot_ms": 8.371743621386806,
  "median_tpot_ms": 8.29970973963831,
  "std_tpot_ms": 0.4284919270547046,
  "p99_tpot_ms": 9.438008347599236,
  "mean_itl_ms": 8.340160246897208,
  "median_itl_ms": 7.814088836312294,
  "std_itl_ms": 3.4250443549430947,
  "p99_itl_ms": 17.53486953675747
}