{
  "is_success": true,
  "serve_startup_s": 53.0255062119104,
  "model_type": "vllm-direct",
  "model_id": "google/gemma-3-12b-it",
  "num_prompts": 1000,
  "max_concurrency": 4,
  "input_len": 512,
  "output_len": 256,
  "duration": 451.11329275462776,
  "completed": 1000,
  "total_input_tokens": 511000,
  "total_output_tokens": 256000,
  "request_throughput": 2.216738047982829,
  "output_throughput": 567.4849402836043,
  "total_token_throughput": 1700.2380828028297,
  "mean_ttft_ms": 26.622012808918953,
  "median_ttft_ms": 25.979424826800823,
  "std_ttft_ms": 3.3267585301511953,
  "p99_ttft_ms": 32.95072293840349,
  "mean_tpot_ms": 6.969720854168283,
  "median_tpot_ms": 6.963131325684634,
  "std_tpot_ms": 0.032135499241837374,
  "p99_tpot_ms": 7.0783030556186155,
  "mean_itl_ms": 6.942446413295329,
  "median_itl_ms": 6.966757820919156,
  "std_itl_ms": 0.5110101061351302,
  "p99_itl_ms": 7.5923113245517015
}