{
  "is_success": true,
  "serve_startup_s": 63.02603276306763,
  "model_type": "vllm-direct",
  "model_id": "google/gemma-3-12b-it",
  "num_prompts": 1000,
  "max_concurrency": 4,
  "input_len": 512,
  "output_len": 256,
  "duration": 345.1406439966522,
  "completed": 1000,
  "total_input_tokens": 511000,
  "total_output_tokens": 256000,
  "request_throughput": 2.8973695720684227,
  "output_throughput": 741.7266104495162,
  "total_token_throughput": 2222.28246177648,
  "mean_ttft_ms": 46.34889547806233,
  "median_ttft_ms": 49.474159721285105,
  "std_ttft_ms": 8.660071803139685,
  "p99_ttft_ms": 59.70991708803922,
  "mean_tpot_ms": 5.2315913916474175,
  "median_tpot_ms": 5.21649428296323,
  "std_tpot_ms": 0.03446052882846148,
  "p99_tpot_ms": 5.3147706990952,
  "mean_itl_ms": 5.211124413592188,
  "median_itl_ms": 5.208952585235238,
  "std_itl_ms": 0.6925218518347048,
  "p99_itl_ms": 5.554024507291615
}