{
  "is_success": true,
  "serve_startup_s": 64.02653410797939,
  "model_type": "vllm-direct",
  "model_id": "google/gemma-3-12b-it",
  "num_prompts": 1000,
  "max_concurrency": 64,
  "input_len": 512,
  "output_len": 256,
  "duration": 31.061411703005433,
  "completed": 1000,
  "total_input_tokens": 511000,
  "total_output_tokens": 256000,
  "request_throughput": 32.194286903683846,
  "output_throughput": 8241.737447343065,
  "total_token_throughput": 24693.01805512551,
  "mean_ttft_ms": 189.92748894216493,
  "median_ttft_ms": 188.4372856002301,
  "std_ttft_ms": 69.57058287707672,
  "p99_ttft_ms": 378.0070429528132,
  "mean_tpot_ms": 6.894771494654318,
  "median_tpot_ms": 6.915742336936733,
  "std_tpot_ms": 0.3152587107348898,
  "p99_tpot_ms": 7.439376382467647,
  "mean_itl_ms": 6.867951549293569,
  "median_itl_ms": 6.47026440128684,
  "std_itl_ms": 4.74051874406051,
  "p99_itl_ms": 19.35349454171951
}