{
  "is_success": true,
  "serve_startup_s": 52.02823505271226,
  "model_type": "vllm-direct",
  "model_id": "google/gemma-3-12b-it",
  "num_prompts": 400,
  "max_concurrency": 8,
  "input_len": 512,
  "output_len": 256,
  "duration": 92.33498203195632,
  "completed": 400,
  "total_input_tokens": 204400,
  "total_output_tokens": 102400,
  "request_throughput": 4.332052611019771,
  "output_throughput": 1109.0054684210613,
  "total_token_throughput": 3322.6843526521643,
  "mean_ttft_ms": 31.172873575706035,
  "median_ttft_ms": 30.676011461764574,
  "std_ttft_ms": 8.451204570483897,
  "p99_ttft_ms": 79.68399162404229,
  "mean_tpot_ms": 7.094247126842245,
  "median_tpot_ms": 7.096111635659255,
  "std_tpot_ms": 0.04304953005106672,
  "p99_tpot_ms": 7.233097513662834,
  "mean_itl_ms": 7.0665007636216615,
  "median_itl_ms": 7.050877902656794,
  "std_itl_ms": 0.8212688376147396,
  "p99_itl_ms": 7.787028793245554
}