{
  "is_success": true,
  "serve_startup_s": 71.4699339387007,
  "model_type": "ray-serve",
  "model_id": "google/gemma-3-12b-it",
  "num_prompts": 1000,
  "max_concurrency": 64,
  "input_len": 512,
  "output_len": 256,
  "duration": 44.16415562480688,
  "completed": 1000,
  "total_input_tokens": 511000,
  "total_output_tokens": 256000,
  "request_throughput": 22.642796762501735,
  "output_throughput": 5796.555971200444,
  "total_token_throughput": 17367.02511683883,
  "mean_ttft_ms": 125.91625963663682,
  "median_ttft_ms": 80.18643618561327,
  "std_ttft_ms": 94.13577773532852,
  "p99_ttft_ms": 464.15566011797637,
  "mean_tpot_ms": 10.233044137256037,
  "median_tpot_ms": 10.398278487663642,
  "std_tpot_ms": 0.7327042758849912,
  "p99_tpot_ms": 11.434979093114974,
  "mean_itl_ms": 10.255302656974559,
  "median_itl_ms": 0.0036330893635749817,
  "std_itl_ms": 21.86581926278753,
  "p99_itl_ms": 58.691763458773494
}