{
  "is_success": true,
  "serve_startup_s": 72.46510556247085,
  "model_type": "ray-serve",
  "model_id": "google/gemma-3-12b-it",
  "num_prompts": 400,
  "max_concurrency": 8,
  "input_len": 512,
  "output_len": 256,
  "duration": 78.36240912787616,
  "completed": 400,
  "total_input_tokens": 204400,
  "total_output_tokens": 102400,
  "request_throughput": 5.1044882929423165,
  "output_throughput": 1306.749002993233,
  "total_token_throughput": 3915.1425206867566,
  "mean_ttft_ms": 116.85065585188568,
  "median_ttft_ms": 124.73814934492111,
  "std_ttft_ms": 45.17779109824686,
  "p99_ttft_ms": 390.7873488217592,
  "mean_tpot_ms": 5.668176264776027,
  "median_tpot_ms": 5.6244015602358415,
  "std_tpot_ms": 0.096720947773105,
  "p99_tpot_ms": 5.883760282696754,
  "mean_itl_ms": 5.64601769249748,
  "median_itl_ms": 0.0029783695936203003,
  "std_itl_ms": 15.801296205714532,
  "p99_itl_ms": 51.44428001716732
}