{
  "is_success": true,
  "serve_startup_s": 64.02302046585828,
  "model_type": "vllm-direct",
  "model_id": "google/gemma-3-12b-it",
  "num_prompts": 3200,
  "max_concurrency": 64,
  "input_len": 512,
  "output_len": 256,
  "duration": 115.22379687335342,
  "completed": 3200,
  "total_input_tokens": 1635200,
  "total_output_tokens": 819200,
  "request_throughput": 27.772040905033133,
  "output_throughput": 7109.642471688482,
  "total_token_throughput": 21301.15537416041,
  "mean_ttft_ms": 181.162430580589,
  "median_ttft_ms": 185.12361217290163,
  "std_ttft_ms": 54.14798649748571,
  "p99_ttft_ms": 310.5079999100384,
  "mean_tpot_ms": 8.321198392355834,
  "median_tpot_ms": 8.292780385590067,
  "std_tpot_ms": 0.1939999489580879,
  "p99_tpot_ms": 8.818652073505755,
  "mean_itl_ms": 8.288676547456362,
  "median_itl_ms": 7.7857570722699165,
  "std_itl_ms": 5.506359983118785,
  "p99_itl_ms": 22.848063660785556
}