{
  "is_success": true,
  "serve_startup_s": 51.0222004018724,
  "model_type": "vllm-direct",
  "model_id": "google/gemma-3-12b-it",
  "num_prompts": 1000,
  "max_concurrency": 512,
  "input_len": 512,
  "output_len": 256,
  "duration": 13.646124914754182,
  "completed": 1000,
  "total_input_tokens": 511000,
  "total_output_tokens": 256000,
  "request_throughput": 73.28087689705966,
  "output_throughput": 18759.904485647272,
  "total_token_throughput": 56206.43258004476,
  "mean_ttft_ms": 1054.0161206657067,
  "median_ttft_ms": 987.3432442545891,
  "std_ttft_ms": 431.8414466952748,
  "p99_ttft_ms": 1893.646820266731,
  "mean_tpot_ms": 22.440165135541967,
  "median_tpot_ms": 22.49040131950203,
  "std_tpot_ms": 1.4506663290235928,
  "p99_tpot_ms": 24.81040669281912,
  "mean_itl_ms": 22.41237253273616,
  "median_itl_ms": 20.25803946889937,
  "std_itl_ms": 18.73047559707959,
  "p99_itl_ms": 177.8592982562259
}