{
  "is_success": true,
  "serve_startup_s": 71.45491697918624,
  "model_type": "ray-serve",
  "model_id": "google/gemma-3-12b-it",
  "num_prompts": 1000,
  "max_concurrency": 512,
  "input_len": 512,
  "output_len": 256,
  "duration": 31.4944660901092,
  "completed": 1000,
  "total_input_tokens": 511000,
  "total_output_tokens": 256000,
  "request_throughput": 31.75160985866177,
  "output_throughput": 8128.412123817413,
  "total_token_throughput": 24353.484761593576,
  "mean_ttft_ms": 2773.573197615333,
  "median_ttft_ms": 2803.727592341602,
  "std_ttft_ms": 781.3689724407185,
  "p99_ttft_ms": 4195.787402708083,
  "mean_tpot_ms": 45.86282403079392,
  "median_tpot_ms": 44.72656216125424,
  "std_tpot_ms": 18.860751147075117,
  "p99_tpot_ms": 72.03867162617983,
  "mean_itl_ms": 46.77837478878637,
  "median_itl_ms": 0.004142988473176956,
  "std_itl_ms": 120.11865933461596,
  "p99_itl_ms": 590.8810109272591
}