{
  "is_success": true,
  "serve_startup_s": 71.4839474344626,
  "model_type": "ray-serve",
  "model_id": "google/gemma-3-12b-it",
  "num_prompts": 3200,
  "max_concurrency": 64,
  "input_len": 512,
  "output_len": 256,
  "duration": 132.15367820393294,
  "completed": 3200,
  "total_input_tokens": 1635200,
  "total_output_tokens": 819200,
  "request_throughput": 24.214233334178715,
  "output_throughput": 6198.843733549751,
  "total_token_throughput": 18572.316967315073,
  "mean_ttft_ms": 80.7311327313073,
  "median_ttft_ms": 66.67344411835074,
  "std_ttft_ms": 57.27621608022473,
  "p99_ttft_ms": 387.5612307339885,
  "mean_tpot_ms": 9.939552962798258,
  "median_tpot_ms": 10.087598527909494,
  "std_tpot_ms": 0.7028013854644648,
  "p99_tpot_ms": 11.021401277980676,
  "mean_itl_ms": 9.920456320688011,
  "median_itl_ms": 0.0035874545574188232,
  "std_itl_ms": 20.473640103591443,
  "p99_itl_ms": 52.81857531517743
}