{
  "is_success": true,
  "serve_startup_s": 52.02604695595801,
  "model_type": "vllm-direct",
  "model_id": "google/gemma-3-12b-it",
  "num_prompts": 1000,
  "max_concurrency": 64,
  "input_len": 512,
  "output_len": 256,
  "duration": 36.25276711722836,
  "completed": 1000,
  "total_input_tokens": 511000,
  "total_output_tokens": 256000,
  "request_throughput": 27.58410128436158,
  "output_throughput": 7061.5299287965645,
  "total_token_throughput": 21157.00568510533,
  "mean_ttft_ms": 121.89032355556265,
  "median_ttft_ms": 39.72624451853335,
  "std_ttft_ms": 327.10637543398514,
  "p99_ttft_ms": 1586.1837283987552,
  "mean_tpot_ms": 8.375106744833438,
  "median_tpot_ms": 8.297969907631769,
  "std_tpot_ms": 0.4667667822196986,
  "p99_tpot_ms": 9.665956771348183,
  "mean_itl_ms": 8.3423705583009,
  "median_itl_ms": 7.81457731500268,
  "std_itl_ms": 2.3243047851886414,
  "p99_itl_ms": 17.14349429123104
}