{
  "is_success": true,
  "serve_startup_s": 66.027528536506,
  "model_type": "vllm-direct",
  "model_id": "google/gemma-3-12b-it",
  "num_prompts": 12800,
  "max_concurrency": 256,
  "input_len": 512,
  "output_len": 256,
  "duration": 291.728377440013,
  "completed": 12800,
  "total_input_tokens": 6540800,
  "total_output_tokens": 3276800,
  "request_throughput": 43.8764309194844,
  "output_throughput": 11232.366315388006,
  "total_token_throughput": 33653.22251524453,
  "mean_ttft_ms": 262.38844796178455,
  "median_ttft_ms": 253.14206071197987,
  "std_ttft_ms": 121.7198071775934,
  "p99_ttft_ms": 888.0103390105069,
  "mean_tpot_ms": 21.834458950766606,
  "median_tpot_ms": 21.878881226567664,
  "std_tpot_ms": 0.4080607248710272,
  "p99_tpot_ms": 22.565666711834425,
  "mean_itl_ms": 21.749321165639873,
  "median_itl_ms": 18.32517422735691,
  "std_itl_ms": 14.3697933700935,
  "p99_itl_ms": 85.13031612150371
}