{
  "is_success": true,
  "serve_startup_s": 73.470331128221,
  "model_type": "ray-serve",
  "model_id": "google/gemma-3-12b-it",
  "num_prompts": 1000,
  "max_concurrency": 4,
  "input_len": 512,
  "output_len": 256,
  "duration": 373.73671783460304,
  "completed": 1000,
  "total_input_tokens": 511000,
  "total_output_tokens": 256000,
  "request_throughput": 2.6756803714494795,
  "output_throughput": 684.9741750910667,
  "total_token_throughput": 2052.246844901751,
  "mean_ttft_ms": 94.07050121668726,
  "median_ttft_ms": 74.08174453303218,
  "std_ttft_ms": 31.21075540397661,
  "p99_ttft_ms": 127.63450576458123,
  "mean_tpot_ms": 5.481267616192938,
  "median_tpot_ms": 5.509383870544387,
  "std_tpot_ms": 0.10072154884089696,
  "p99_tpot_ms": 5.683693891464202,
  "mean_itl_ms": 5.4606882979989155,
  "median_itl_ms": 0.003180932253599167,
  "std_itl_ms": 15.578866257740343,
  "p99_itl_ms": 51.265315362252295
}