{
  "is_success": true,
  "serve_startup_s": 72.44961768714711,
  "model_type": "ray-serve",
  "model_id": "google/gemma-3-12b-it",
  "num_prompts": 1000,
  "max_concurrency": 64,
  "input_len": 512,
  "output_len": 256,
  "duration": 41.98107759421691,
  "completed": 1000,
  "total_input_tokens": 511000,
  "total_output_tokens": 256000,
  "request_throughput": 23.82025563197441,
  "output_throughput": 6097.9854417854485,
  "total_token_throughput": 18270.13606972437,
  "mean_ttft_ms": 245.73635878693312,
  "median_ttft_ms": 229.68704509548843,
  "std_ttft_ms": 117.30199307463084,
  "p99_ttft_ms": 640.0114572839811,
  "mean_tpot_ms": 9.2613054666796,
  "median_tpot_ms": 9.306239803303397,
  "std_tpot_ms": 0.6123644078642881,
  "p99_tpot_ms": 10.281282791411321,
  "mean_itl_ms": 9.361026069943811,
  "median_itl_ms": 0.0031422823667526245,
  "std_itl_ms": 22.58948344680145,
  "p99_itl_ms": 60.091064944863255
}