{
  "is_success": true,
  "serve_startup_s": 64.02663982799277,
  "model_type": "vllm-direct",
  "model_id": "google/gemma-3-12b-it",
  "num_prompts": 1000,
  "max_concurrency": 512,
  "input_len": 512,
  "output_len": 256,
  "duration": 20.37356630107388,
  "completed": 1000,
  "total_input_tokens": 511000,
  "total_output_tokens": 256000,
  "request_throughput": 49.08320837021502,
  "output_throughput": 12565.301342775045,
  "total_token_throughput": 37646.82081995492,
  "mean_ttft_ms": 1122.3914940743707,
  "median_ttft_ms": 571.8805224169046,
  "std_ttft_ms": 844.2030268038466,
  "p99_ttft_ms": 3075.120569774881,
  "mean_tpot_ms": 35.21621657682619,
  "median_tpot_ms": 36.67977030717713,
  "std_tpot_ms": 2.6785640786380185,
  "p99_tpot_ms": 37.5268607243859,
  "mean_itl_ms": 35.08192550216072,
  "median_itl_ms": 30.34867183305323,
  "std_itl_ms": 16.79608728510688,
  "p99_itl_ms": 92.83124096691608
}