{
  "is_success": true,
  "serve_startup_s": 75.47104648966342,
  "model_type": "ray-serve",
  "model_id": "google/gemma-3-12b-it",
  "num_prompts": 12800,
  "max_concurrency": 256,
  "input_len": 512,
  "output_len": 256,
  "duration": 318.1372928014025,
  "completed": 12800,
  "total_input_tokens": 6540800,
  "total_output_tokens": 3276800,
  "request_throughput": 40.234201678425705,
  "output_throughput": 10299.95562967698,
  "total_token_throughput": 30859.632687352518,
  "mean_ttft_ms": 581.5031234625349,
  "median_ttft_ms": 549.7164092957973,
  "std_ttft_ms": 244.04730191975437,
  "p99_ttft_ms": 1358.971932195129,
  "mean_tpot_ms": 22.501694928885236,
  "median_tpot_ms": 22.603417494717768,
  "std_tpot_ms": 1.1190307231091732,
  "p99_tpot_ms": 24.783209108437102,
  "mean_itl_ms": 22.645370104712168,
  "median_itl_ms": 0.004225410521030426,
  "std_itl_ms": 45.05276937200255,
  "p99_itl_ms": 197.72731990553368
}