{
  "is_success": true,
  "serve_startup_s": 51.026422762311995,
  "model_type": "vllm-direct",
  "model_id": "google/gemma-3-12b-it",
  "num_prompts": 1000,
  "max_concurrency": 64,
  "input_len": 512,
  "output_len": 256,
  "duration": 37.86485005822033,
  "completed": 1000,
  "total_input_tokens": 511000,
  "total_output_tokens": 256000,
  "request_throughput": 26.409717679125034,
  "output_throughput": 6760.887725856009,
  "total_token_throughput": 20256.253459888903,
  "mean_ttft_ms": 85.06536179827526,
  "median_ttft_ms": 50.849610241129994,
  "std_ttft_ms": 69.59158591737679,
  "p99_ttft_ms": 293.81144486833364,
  "mean_tpot_ms": 8.957160255555793,
  "median_tpot_ms": 8.988796124307843,
  "std_tpot_ms": 0.3838648420705664,
  "p99_tpot_ms": 10.345029215255348,
  "mean_itl_ms": 8.922150950234936,
  "median_itl_ms": 8.530572522431612,
  "std_itl_ms": 3.1598282066565893,
  "p99_itl_ms": 18.842990850098435
}