{
  "is_success": true,
  "serve_startup_s": 72.46876514982432,
  "model_type": "ray-serve",
  "model_id": "google/gemma-3-12b-it",
  "num_prompts": 12800,
  "max_concurrency": 256,
  "input_len": 512,
  "output_len": 256,
  "duration": 405.5751972794533,
  "completed": 12800,
  "total_input_tokens": 6540800,
  "total_output_tokens": 3276800,
  "request_throughput": 31.560115327221112,
  "output_throughput": 8079.389523768605,
  "total_token_throughput": 24206.608455978592,
  "mean_ttft_ms": 1296.287284697828,
  "median_ttft_ms": 1244.0666323527694,
  "std_ttft_ms": 341.74658653778243,
  "p99_ttft_ms": 2273.8689783494924,
  "mean_tpot_ms": 26.23319791912389,
  "median_tpot_ms": 26.939197280900736,
  "std_tpot_ms": 4.274256141185386,
  "p99_tpot_ms": 32.722428990856685,
  "mean_itl_ms": 26.465969280727123,
  "median_itl_ms": 0.004041939973831177,
  "std_itl_ms": 45.46815960034547,
  "p99_itl_ms": 157.1943562664085
}