{
  "is_success": true,
  "serve_startup_s": 65.02352940989658,
  "model_type": "vllm-direct",
  "model_id": "google/gemma-3-12b-it",
  "num_prompts": 1000,
  "max_concurrency": 64,
  "input_len": 512,
  "output_len": 256,
  "duration": 36.70351398084313,
  "completed": 1000,
  "total_input_tokens": 511000,
  "total_output_tokens": 256000,
  "request_throughput": 27.245347694009237,
  "output_throughput": 6974.809009666365,
  "total_token_throughput": 20897.181681305083,
  "mean_ttft_ms": 193.6004759115167,
  "median_ttft_ms": 192.29308213107288,
  "std_ttft_ms": 79.6516766919343,
  "p99_ttft_ms": 486.1955465655774,
  "mean_tpot_ms": 8.267788190235766,
  "median_tpot_ms": 8.307710605874366,
  "std_tpot_ms": 0.3574730125543136,
  "p99_tpot_ms": 8.863506349552349,
  "mean_itl_ms": 8.235634120766964,
  "median_itl_ms": 7.735446095466614,
  "std_itl_ms": 5.4354980115539995,
  "p99_itl_ms": 25.604236954823133
}