{
  "is_success": true,
  "serve_startup_s": 68.02611730899662,
  "model_type": "vllm-direct",
  "model_id": "google/gemma-3-12b-it",
  "num_prompts": 400,
  "max_concurrency": 8,
  "input_len": 512,
  "output_len": 256,
  "duration": 63.45704507548362,
  "completed": 400,
  "total_input_tokens": 204400,
  "total_output_tokens": 102400,
  "request_throughput": 6.303476619880279,
  "output_throughput": 1613.6900146893515,
  "total_token_throughput": 4834.766567448174,
  "mean_ttft_ms": 60.78283341601491,
  "median_ttft_ms": 61.89393578097224,
  "std_ttft_ms": 11.954431872377997,
  "p99_ttft_ms": 104.88461485132575,
  "mean_tpot_ms": 4.7371768797839096,
  "median_tpot_ms": 4.7234575154588505,
  "std_tpot_ms": 0.0368477948709928,
  "p99_tpot_ms": 4.838632213645706,
  "mean_itl_ms": 4.719383907778726,
  "median_itl_ms": 4.718301817774773,
  "std_itl_ms": 0.7624447815558095,
  "p99_itl_ms": 5.151487505063415
}