{
  "is_success": true,
  "serve_startup_s": 72.49747159238905,
  "model_type": "ray-serve",
  "model_id": "google/gemma-3-12b-it",
  "num_prompts": 12800,
  "max_concurrency": 256,
  "input_len": 512,
  "output_len": 256,
  "duration": 223.77616690285504,
  "completed": 12800,
  "total_input_tokens": 6540800,
  "total_output_tokens": 3276800,
  "request_throughput": 57.20001453754766,
  "output_throughput": 14643.2037216122,
  "total_token_throughput": 43872.411150299056,
  "mean_ttft_ms": 184.14369700694806,
  "median_ttft_ms": 139.21602768823504,
  "std_ttft_ms": 148.21819227208996,
  "p99_ttft_ms": 815.7875924464316,
  "mean_tpot_ms": 16.67737097017251,
  "median_tpot_ms": 16.80907605435042,
  "std_tpot_ms": 1.2433516737297752,
  "p99_tpot_ms": 18.811235744579164,
  "mean_itl_ms": 16.735414984747266,
  "median_itl_ms": 0.004281289875507355,
  "std_itl_ms": 27.838497964312168,
  "p99_itl_ms": 83.09507824480524
}