{
  "is_success": true,
  "serve_startup_s": 65.02428380725905,
  "model_type": "vllm-direct",
  "model_id": "google/gemma-3-12b-it",
  "num_prompts": 1000,
  "max_concurrency": 64,
  "input_len": 512,
  "output_len": 256,
  "duration": 31.337468265090138,
  "completed": 1000,
  "total_input_tokens": 511000,
  "total_output_tokens": 256000,
  "request_throughput": 31.91068249485864,
  "output_throughput": 8169.134718683812,
  "total_token_throughput": 24475.493473556577,
  "mean_ttft_ms": 194.5481051481329,
  "median_ttft_ms": 183.5130383260548,
  "std_ttft_ms": 71.46586381509597,
  "p99_ttft_ms": 423.6208642972633,
  "mean_tpot_ms": 6.943943564042303,
  "median_tpot_ms": 6.96667383205803,
  "std_tpot_ms": 0.31238563176753875,
  "p99_tpot_ms": 7.489173467453642,
  "mean_itl_ms": 6.916798420024861,
  "median_itl_ms": 6.514698965474963,
  "std_itl_ms": 4.670572351286223,
  "p99_itl_ms": 15.186822814866904
}