{
  "is_success": true,
  "serve_startup_s": 53.0228077089414,
  "model_type": "vllm-direct",
  "model_id": "google/gemma-3-12b-it",
  "num_prompts": 12800,
  "max_concurrency": 256,
  "input_len": 512,
  "output_len": 256,
  "duration": 193.91031879838556,
  "completed": 12800,
  "total_input_tokens": 6540800,
  "total_output_tokens": 3276800,
  "request_throughput": 66.00989611753745,
  "output_throughput": 16898.533406089588,
  "total_token_throughput": 50629.59032215122,
  "mean_ttft_ms": 107.58309306307638,
  "median_ttft_ms": 67.32383370399475,
  "std_ttft_ms": 224.34649014498575,
  "p99_ttft_ms": 1835.4733982123437,
  "mean_tpot_ms": 14.711220176061603,
  "median_tpot_ms": 14.855957770829692,
  "std_tpot_ms": 0.4049427358298411,
  "p99_tpot_ms": 15.096172351024899,
  "mean_itl_ms": 14.654908614428514,
  "median_itl_ms": 12.834068387746811,
  "std_itl_ms": 5.34159493007391,
  "p99_itl_ms": 32.98441810533404
}