{
  "is_success": true,
  "serve_startup_s": 52.023107188753784,
  "model_type": "vllm-direct",
  "model_id": "google/gemma-3-12b-it",
  "num_prompts": 400,
  "max_concurrency": 8,
  "input_len": 512,
  "output_len": 256,
  "duration": 85.85129934735596,
  "completed": 400,
  "total_input_tokens": 204400,
  "total_output_tokens": 102400,
  "request_throughput": 4.659218940666146,
  "output_throughput": 1192.7600488105334,
  "total_token_throughput": 3573.620927490934,
  "mean_ttft_ms": 37.58766991784796,
  "median_ttft_ms": 34.19865341857076,
  "std_ttft_ms": 62.02336416999003,
  "p99_ttft_ms": 63.721550386398775,
  "mean_tpot_ms": 6.5320514520246755,
  "median_tpot_ms": 6.523116948265655,
  "std_tpot_ms": 0.5355087876385135,
  "p99_tpot_ms": 11.113043529985875,
  "mean_itl_ms": 6.506499370234451,
  "median_itl_ms": 6.447861902415752,
  "std_itl_ms": 8.387997062355144,
  "p99_itl_ms": 7.193796671926969
}