{
  "is_success": true,
  "serve_startup_s": 63.02722611511126,
  "model_type": "vllm-direct",
  "model_id": "google/gemma-3-12b-it",
  "num_prompts": 1000,
  "max_concurrency": 4,
  "input_len": 512,
  "output_len": 256,
  "duration": 345.0005661388859,
  "completed": 1000,
  "total_input_tokens": 511000,
  "total_output_tokens": 256000,
  "request_throughput": 2.8985459681751156,
  "output_throughput": 742.0277678528296,
  "total_token_throughput": 2223.1847575903134,
  "mean_ttft_ms": 45.16405909322202,
  "median_ttft_ms": 46.98815895244479,
  "std_ttft_ms": 8.479084078152843,
  "p99_ttft_ms": 62.53450649790465,
  "mean_tpot_ms": 5.233977554817045,
  "median_tpot_ms": 5.219496395804134,
  "std_tpot_ms": 0.03053199298833629,
  "p99_tpot_ms": 5.307630635122313,
  "mean_itl_ms": 5.2134938865601725,
  "median_itl_ms": 5.212771473452449,
  "std_itl_ms": 0.6336217965075525,
  "p99_itl_ms": 5.604597893543541
}