{
  "is_success": true,
  "serve_startup_s": 52.024039591662586,
  "model_type": "vllm-direct",
  "model_id": "google/gemma-3-12b-it",
  "num_prompts": 3200,
  "max_concurrency": 64,
  "input_len": 512,
  "output_len": 256,
  "duration": 112.4693904640153,
  "completed": 3200,
  "total_input_tokens": 1635200,
  "total_output_tokens": 819200,
  "request_throughput": 28.452185850725698,
  "output_throughput": 7283.759577785779,
  "total_token_throughput": 21822.82654750661,
  "mean_ttft_ms": 57.99650964239845,
  "median_ttft_ms": 38.590684067457914,
  "std_ttft_ms": 161.14687716475493,
  "p99_ttft_ms": 292.56617132542254,
  "mean_tpot_ms": 8.523864412830923,
  "median_tpot_ms": 8.252265057800447,
  "std_tpot_ms": 0.7249029349066737,
  "p99_tpot_ms": 9.73288055567765,
  "mean_itl_ms": 8.490547728624733,
  "median_itl_ms": 7.832602132111788,
  "std_itl_ms": 5.900957427843773,
  "p99_itl_ms": 17.356927730143074
}