{
  "is_success": true,
  "serve_startup_s": 71.45744529692456,
  "model_type": "ray-serve",
  "model_id": "google/gemma-3-12b-it",
  "num_prompts": 1000,
  "max_concurrency": 512,
  "input_len": 512,
  "output_len": 256,
  "duration": 46.60918542416766,
  "completed": 1000,
  "total_input_tokens": 511000,
  "total_output_tokens": 256000,
  "request_throughput": 21.454998427873893,
  "output_throughput": 5492.4795975357165,
  "total_token_throughput": 16455.983794179276,
  "mean_ttft_ms": 2960.56699111918,
  "median_ttft_ms": 2649.769403738901,
  "std_ttft_ms": 1147.1308401949186,
  "p99_ttft_ms": 6096.841154121794,
  "mean_tpot_ms": 74.14845264538684,
  "median_tpot_ms": 67.04812810993663,
  "std_tpot_ms": 18.104155403986123,
  "p99_tpot_ms": 95.5281624449417,
  "mean_itl_ms": 74.65167054481276,
  "median_itl_ms": 0.006216578185558319,
  "std_itl_ms": 99.35440883101161,
  "p99_itl_ms": 321.1966685950756
}