{
  "is_success": true,
  "serve_startup_s": 51.02699522674084,
  "model_type": "vllm-direct",
  "model_id": "google/gemma-3-12b-it",
  "num_prompts": 1000,
  "max_concurrency": 512,
  "input_len": 512,
  "output_len": 256,
  "duration": 13.503708852920681,
  "completed": 1000,
  "total_input_tokens": 511000,
  "total_output_tokens": 256000,
  "request_throughput": 74.05372930442829,
  "output_throughput": 18957.75470193364,
  "total_token_throughput": 56799.2103764965,
  "mean_ttft_ms": 1357.0363011127338,
  "median_ttft_ms": 1025.5001795012504,
  "std_ttft_ms": 849.5362640888975,
  "p99_ttft_ms": 2839.741126354784,
  "mean_tpot_ms": 20.406442177880045,
  "median_tpot_ms": 20.441616670794637,
  "std_tpot_ms": 1.9708931399061873,
  "p99_tpot_ms": 23.99612435711292,
  "mean_itl_ms": 20.487165548266763,
  "median_itl_ms": 17.738942988216877,
  "std_itl_ms": 21.781900814456776,
  "p99_itl_ms": 176.02781999856234
}