{
  "is_success": true,
  "serve_startup_s": 71.47005012538284,
  "model_type": "ray-serve",
  "model_id": "google/gemma-3-12b-it",
  "num_prompts": 12800,
  "max_concurrency": 256,
  "input_len": 512,
  "output_len": 256,
  "duration": 321.57069033943117,
  "completed": 12800,
  "total_input_tokens": 6540800,
  "total_output_tokens": 3276800,
  "request_throughput": 39.80462269894396,
  "output_throughput": 10189.983410929653,
  "total_token_throughput": 30530.145610090014,
  "mean_ttft_ms": 1406.1504803295975,
  "median_ttft_ms": 1342.0920870266855,
  "std_ttft_ms": 479.7008948772599,
  "p99_ttft_ms": 2847.6104442868386,
  "mean_tpot_ms": 19.430735820191902,
  "median_tpot_ms": 19.37516485249587,
  "std_tpot_ms": 4.466022489803678,
  "p99_tpot_ms": 28.645010385077956,
  "mean_itl_ms": 19.490476281766355,
  "median_itl_ms": 0.0036871060729026794,
  "std_itl_ms": 74.70153620147842,
  "p99_itl_ms": 409.66730883344724
}