{
  "is_success": true,
  "serve_startup_s": 52.02265687752515,
  "model_type": "vllm-direct",
  "model_id": "google/gemma-3-12b-it",
  "num_prompts": 12800,
  "max_concurrency": 256,
  "input_len": 512,
  "output_len": 256,
  "duration": 210.98918835353106,
  "completed": 12800,
  "total_input_tokens": 6540800,
  "total_output_tokens": 3276800,
  "request_throughput": 60.666615668251524,
  "output_throughput": 15530.65361107239,
  "total_token_throughput": 46531.29421754892,
  "mean_ttft_ms": 92.51513189592515,
  "median_ttft_ms": 68.38741665706038,
  "std_ttft_ms": 106.74706279234611,
  "p99_ttft_ms": 665.1901573408396,
  "mean_tpot_ms": 16.105705805754862,
  "median_tpot_ms": 16.2059703805283,
  "std_tpot_ms": 0.45316740674637135,
  "p99_tpot_ms": 16.823684594904382,
  "mean_itl_ms": 16.043123116646353,
  "median_itl_ms": 13.84818647056818,
  "std_itl_ms": 7.8202072768213755,
  "p99_itl_ms": 46.39276646077628
}