{
  "is_success": true,
  "serve_startup_s": 54.027177575044334,
  "model_type": "vllm-direct",
  "model_id": "google/gemma-3-12b-it",
  "num_prompts": 1000,
  "max_concurrency": 4,
  "input_len": 512,
  "output_len": 256,
  "duration": 412.63386741792783,
  "completed": 1000,
  "total_input_tokens": 511000,
  "total_output_tokens": 256000,
  "request_throughput": 2.42345594717549,
  "output_throughput": 620.4047224769255,
  "total_token_throughput": 1858.7907114836012,
  "mean_ttft_ms": 27.124119703657925,
  "median_ttft_ms": 26.34383598342538,
  "std_ttft_ms": 3.9985363130499656,
  "p99_ttft_ms": 36.70283262152225,
  "mean_tpot_ms": 6.360798580051564,
  "median_tpot_ms": 6.391717782974536,
  "std_tpot_ms": 0.31036013652786015,
  "p99_tpot_ms": 6.442434808348908,
  "mean_itl_ms": 6.335902044129398,
  "median_itl_ms": 6.356345489621162,
  "std_itl_ms": 4.585905291887016,
  "p99_itl_ms": 7.010633372701705
}