{
  "is_success": true,
  "serve_startup_s": 64.02636864921078,
  "model_type": "vllm-direct",
  "model_id": "google/gemma-3-12b-it",
  "num_prompts": 1000,
  "max_concurrency": 4,
  "input_len": 512,
  "output_len": 256,
  "duration": 305.6342446920462,
  "completed": 1000,
  "total_input_tokens": 511000,
  "total_output_tokens": 256000,
  "request_throughput": 3.271884670540074,
  "output_throughput": 837.602475658259,
  "total_token_throughput": 2509.535542304237,
  "mean_ttft_ms": 43.62557494547218,
  "median_ttft_ms": 45.561584644019604,
  "std_ttft_ms": 7.138677313185997,
  "p99_ttft_ms": 62.02774331904947,
  "mean_tpot_ms": 4.6224839889973985,
  "median_tpot_ms": 4.6095867604747705,
  "std_tpot_ms": 0.023570806920603298,
  "p99_tpot_ms": 4.668456753715873,
  "mean_itl_ms": 4.604533941741051,
  "median_itl_ms": 4.605002934113145,
  "std_itl_ms": 0.5557635781457978,
  "p99_itl_ms": 4.965717447921634
}