{
  "is_success": true,
  "serve_startup_s": 68.44800045201555,
  "model_type": "ray-serve",
  "model_id": "google/gemma-3-12b-it",
  "num_prompts": 1000,
  "max_concurrency": 512,
  "input_len": 512,
  "output_len": 256,
  "duration": 32.401464100927114,
  "completed": 1000,
  "total_input_tokens": 511000,
  "total_output_tokens": 256000,
  "request_throughput": 30.86280289326144,
  "output_throughput": 7900.877540674928,
  "total_token_throughput": 23671.769819131525,
  "mean_ttft_ms": 2951.951602587942,
  "median_ttft_ms": 2842.3590403981507,
  "std_ttft_ms": 901.4028884231477,
  "p99_ttft_ms": 4556.6906743869185,
  "mean_tpot_ms": 47.472050592197355,
  "median_tpot_ms": 47.51704533347019,
  "std_tpot_ms": 21.007174917331202,
  "p99_tpot_ms": 84.21859911721491,
  "mean_itl_ms": 48.68416917474707,
  "median_itl_ms": 0.004234723746776581,
  "std_itl_ms": 136.28005852601663,
  "p99_itl_ms": 779.5690859202296
}