{
  "is_success": true,
  "serve_startup_s": 73.47994822822511,
  "model_type": "ray-serve",
  "model_id": "google/gemma-3-12b-it",
  "num_prompts": 1000,
  "max_concurrency": 64,
  "input_len": 512,
  "output_len": 256,
  "duration": 42.995352663099766,
  "completed": 1000,
  "total_input_tokens": 511000,
  "total_output_tokens": 256000,
  "request_throughput": 23.258327657775855,
  "output_throughput": 5954.131880390619,
  "total_token_throughput": 17839.13731351408,
  "mean_ttft_ms": 240.14319981168956,
  "median_ttft_ms": 181.90081790089607,
  "std_ttft_ms": 148.71685996821648,
  "p99_ttft_ms": 614.6876261522993,
  "mean_tpot_ms": 9.558087840079166,
  "median_tpot_ms": 9.734874613144818,
  "std_tpot_ms": 0.6151664773943142,
  "p99_tpot_ms": 10.553374726653976,
  "mean_itl_ms": 9.587467972085278,
  "median_itl_ms": 0.0032670795917510986,
  "std_itl_ms": 21.614499415346994,
  "p99_itl_ms": 61.63358379155388
}