{
  "is_success": true,
  "serve_startup_s": 72.46170334797353,
  "model_type": "ray-serve",
  "model_id": "google/gemma-3-12b-it",
  "num_prompts": 400,
  "max_concurrency": 8,
  "input_len": 512,
  "output_len": 256,
  "duration": 77.92999621480703,
  "completed": 400,
  "total_input_tokens": 204400,
  "total_output_tokens": 102400,
  "request_throughput": 5.132811746807172,
  "output_throughput": 1313.999807182636,
  "total_token_throughput": 3936.866609801101,
  "mean_ttft_ms": 123.71288547059521,
  "median_ttft_ms": 121.78105674684048,
  "std_ttft_ms": 44.75757642531711,
  "p99_ttft_ms": 336.6752264369279,
  "mean_tpot_ms": 5.611017561243737,
  "median_tpot_ms": 5.606657986109163,
  "std_tpot_ms": 0.14122412345307128,
  "p99_tpot_ms": 5.845835756181794,
  "mean_itl_ms": 5.607482125749922,
  "median_itl_ms": 0.003091059625148773,
  "std_itl_ms": 15.77064156195214,
  "p99_itl_ms": 51.362320287153125
}