{
  "is_success": true,
  "serve_startup_s": 52.027642000000924,
  "model_type": "vllm-direct",
  "model_id": "google/gemma-3-12b-it",
  "num_prompts": 1000,
  "max_concurrency": 512,
  "input_len": 512,
  "output_len": 256,
  "duration": 13.655115291941911,
  "completed": 1000,
  "total_input_tokens": 511000,
  "total_output_tokens": 256000,
  "request_throughput": 73.23262957655986,
  "output_throughput": 18747.553171599324,
  "total_token_throughput": 56169.42688522141,
  "mean_ttft_ms": 1031.5906558190472,
  "median_ttft_ms": 982.1553793735802,
  "std_ttft_ms": 439.89588407598166,
  "p99_ttft_ms": 1894.9715435877442,
  "mean_tpot_ms": 22.465971614420415,
  "median_tpot_ms": 22.54138235459287,
  "std_tpot_ms": 1.452402361919917,
  "p99_tpot_ms": 24.970167664865798,
  "mean_itl_ms": 22.43305153877512,
  "median_itl_ms": 20.25906299240887,
  "std_itl_ms": 18.717617594932626,
  "p99_itl_ms": 177.64605977572495
}