{
  "is_success": true,
  "serve_startup_s": 52.02151939738542,
  "model_type": "vllm-direct",
  "model_id": "google/gemma-3-12b-it",
  "num_prompts": 3200,
  "max_concurrency": 64,
  "input_len": 512,
  "output_len": 256,
  "duration": 121.73757135216147,
  "completed": 3200,
  "total_input_tokens": 1635200,
  "total_output_tokens": 819200,
  "request_throughput": 26.286050924599653,
  "output_throughput": 6729.229036697511,
  "total_token_throughput": 20161.401059167933,
  "mean_ttft_ms": 44.401074271590915,
  "median_ttft_ms": 34.60647584870458,
  "std_ttft_ms": 36.357419834276406,
  "p99_ttft_ms": 268.84338290430605,
  "mean_tpot_ms": 9.29117874225702,
  "median_tpot_ms": 9.10231239691961,
  "std_tpot_ms": 0.511214312346756,
  "p99_tpot_ms": 10.584133985726272,
  "mean_itl_ms": 9.254862872271588,
  "median_itl_ms": 8.62919818609953,
  "std_itl_ms": 2.627279119729752,
  "p99_itl_ms": 18.752771029248834
}